--
-- PostgreSQL database dump
--

-- Dumped from database version 15.13 (Debian 15.13-1.pgdg120+1)
-- Dumped by pg_dump version 15.13 (Debian 15.13-1.pgdg120+1)

SET statement_timeout = 0;
SET lock_timeout = 0;
SET idle_in_transaction_session_timeout = 0;
SET client_encoding = 'UTF8';
SET standard_conforming_strings = on;
SELECT pg_catalog.set_config('search_path', '', false);
SET check_function_bodies = false;
SET xmloption = content;
SET client_min_messages = warning;
SET row_security = off;

SET default_tablespace = '';

SET default_table_access_method = heap;

--
-- Name: auth_group; Type: TABLE; Schema: public; Owner: wsilva
--

CREATE TABLE public.auth_group (
    id integer NOT NULL,
    name character varying(150) NOT NULL
);


ALTER TABLE public.auth_group OWNER TO wsilva;

--
-- Name: auth_group_id_seq; Type: SEQUENCE; Schema: public; Owner: wsilva
--

ALTER TABLE public.auth_group ALTER COLUMN id ADD GENERATED BY DEFAULT AS IDENTITY (
    SEQUENCE NAME public.auth_group_id_seq
    START WITH 1
    INCREMENT BY 1
    NO MINVALUE
    NO MAXVALUE
    CACHE 1
);


--
-- Name: auth_group_permissions; Type: TABLE; Schema: public; Owner: wsilva
--

CREATE TABLE public.auth_group_permissions (
    id bigint NOT NULL,
    group_id integer NOT NULL,
    permission_id integer NOT NULL
);


ALTER TABLE public.auth_group_permissions OWNER TO wsilva;

--
-- Name: auth_group_permissions_id_seq; Type: SEQUENCE; Schema: public; Owner: wsilva
--

ALTER TABLE public.auth_group_permissions ALTER COLUMN id ADD GENERATED BY DEFAULT AS IDENTITY (
    SEQUENCE NAME public.auth_group_permissions_id_seq
    START WITH 1
    INCREMENT BY 1
    NO MINVALUE
    NO MAXVALUE
    CACHE 1
);


--
-- Name: auth_permission; Type: TABLE; Schema: public; Owner: wsilva
--

CREATE TABLE public.auth_permission (
    id integer NOT NULL,
    name character varying(255) NOT NULL,
    content_type_id integer NOT NULL,
    codename character varying(100) NOT NULL
);


ALTER TABLE public.auth_permission OWNER TO wsilva;

--
-- Name: auth_permission_id_seq; Type: SEQUENCE; Schema: public; Owner: wsilva
--

ALTER TABLE public.auth_permission ALTER COLUMN id ADD GENERATED BY DEFAULT AS IDENTITY (
    SEQUENCE NAME public.auth_permission_id_seq
    START WITH 1
    INCREMENT BY 1
    NO MINVALUE
    NO MAXVALUE
    CACHE 1
);


--
-- Name: auth_user; Type: TABLE; Schema: public; Owner: wsilva
--

CREATE TABLE public.auth_user (
    id integer NOT NULL,
    password character varying(128) NOT NULL,
    last_login timestamp with time zone,
    is_superuser boolean NOT NULL,
    username character varying(150) NOT NULL,
    first_name character varying(150) NOT NULL,
    last_name character varying(150) NOT NULL,
    email character varying(254) NOT NULL,
    is_staff boolean NOT NULL,
    is_active boolean NOT NULL,
    date_joined timestamp with time zone NOT NULL
);


ALTER TABLE public.auth_user OWNER TO wsilva;

--
-- Name: auth_user_groups; Type: TABLE; Schema: public; Owner: wsilva
--

CREATE TABLE public.auth_user_groups (
    id bigint NOT NULL,
    user_id integer NOT NULL,
    group_id integer NOT NULL
);


ALTER TABLE public.auth_user_groups OWNER TO wsilva;

--
-- Name: auth_user_groups_id_seq; Type: SEQUENCE; Schema: public; Owner: wsilva
--

ALTER TABLE public.auth_user_groups ALTER COLUMN id ADD GENERATED BY DEFAULT AS IDENTITY (
    SEQUENCE NAME public.auth_user_groups_id_seq
    START WITH 1
    INCREMENT BY 1
    NO MINVALUE
    NO MAXVALUE
    CACHE 1
);


--
-- Name: auth_user_id_seq; Type: SEQUENCE; Schema: public; Owner: wsilva
--

ALTER TABLE public.auth_user ALTER COLUMN id ADD GENERATED BY DEFAULT AS IDENTITY (
    SEQUENCE NAME public.auth_user_id_seq
    START WITH 1
    INCREMENT BY 1
    NO MINVALUE
    NO MAXVALUE
    CACHE 1
);


--
-- Name: auth_user_user_permissions; Type: TABLE; Schema: public; Owner: wsilva
--

CREATE TABLE public.auth_user_user_permissions (
    id bigint NOT NULL,
    user_id integer NOT NULL,
    permission_id integer NOT NULL
);


ALTER TABLE public.auth_user_user_permissions OWNER TO wsilva;

--
-- Name: auth_user_user_permissions_id_seq; Type: SEQUENCE; Schema: public; Owner: wsilva
--

ALTER TABLE public.auth_user_user_permissions ALTER COLUMN id ADD GENERATED BY DEFAULT AS IDENTITY (
    SEQUENCE NAME public.auth_user_user_permissions_id_seq
    START WITH 1
    INCREMENT BY 1
    NO MINVALUE
    NO MAXVALUE
    CACHE 1
);


--
-- Name: django_admin_log; Type: TABLE; Schema: public; Owner: wsilva
--

CREATE TABLE public.django_admin_log (
    id integer NOT NULL,
    action_time timestamp with time zone NOT NULL,
    object_id text,
    object_repr character varying(200) NOT NULL,
    action_flag smallint NOT NULL,
    change_message text NOT NULL,
    content_type_id integer,
    user_id integer NOT NULL,
    CONSTRAINT django_admin_log_action_flag_check CHECK ((action_flag >= 0))
);


ALTER TABLE public.django_admin_log OWNER TO wsilva;

--
-- Name: django_admin_log_id_seq; Type: SEQUENCE; Schema: public; Owner: wsilva
--

ALTER TABLE public.django_admin_log ALTER COLUMN id ADD GENERATED BY DEFAULT AS IDENTITY (
    SEQUENCE NAME public.django_admin_log_id_seq
    START WITH 1
    INCREMENT BY 1
    NO MINVALUE
    NO MAXVALUE
    CACHE 1
);


--
-- Name: django_content_type; Type: TABLE; Schema: public; Owner: wsilva
--

CREATE TABLE public.django_content_type (
    id integer NOT NULL,
    app_label character varying(100) NOT NULL,
    model character varying(100) NOT NULL
);


ALTER TABLE public.django_content_type OWNER TO wsilva;

--
-- Name: django_content_type_id_seq; Type: SEQUENCE; Schema: public; Owner: wsilva
--

ALTER TABLE public.django_content_type ALTER COLUMN id ADD GENERATED BY DEFAULT AS IDENTITY (
    SEQUENCE NAME public.django_content_type_id_seq
    START WITH 1
    INCREMENT BY 1
    NO MINVALUE
    NO MAXVALUE
    CACHE 1
);


--
-- Name: django_migrations; Type: TABLE; Schema: public; Owner: wsilva
--

CREATE TABLE public.django_migrations (
    id bigint NOT NULL,
    app character varying(255) NOT NULL,
    name character varying(255) NOT NULL,
    applied timestamp with time zone NOT NULL
);


ALTER TABLE public.django_migrations OWNER TO wsilva;

--
-- Name: django_migrations_id_seq; Type: SEQUENCE; Schema: public; Owner: wsilva
--

ALTER TABLE public.django_migrations ALTER COLUMN id ADD GENERATED BY DEFAULT AS IDENTITY (
    SEQUENCE NAME public.django_migrations_id_seq
    START WITH 1
    INCREMENT BY 1
    NO MINVALUE
    NO MAXVALUE
    CACHE 1
);


--
-- Name: django_session; Type: TABLE; Schema: public; Owner: wsilva
--

CREATE TABLE public.django_session (
    session_key character varying(40) NOT NULL,
    session_data text NOT NULL,
    expire_date timestamp with time zone NOT NULL
);


ALTER TABLE public.django_session OWNER TO wsilva;

--
-- Name: wschatapp_comentario; Type: TABLE; Schema: public; Owner: wsilva
--

CREATE TABLE public.wschatapp_comentario (
    id bigint NOT NULL,
    comentario text NOT NULL,
    data_hora timestamp with time zone NOT NULL,
    post_id bigint NOT NULL,
    usuario_id integer NOT NULL
);


ALTER TABLE public.wschatapp_comentario OWNER TO wsilva;

--
-- Name: wschatapp_comentario_id_seq; Type: SEQUENCE; Schema: public; Owner: wsilva
--

ALTER TABLE public.wschatapp_comentario ALTER COLUMN id ADD GENERATED BY DEFAULT AS IDENTITY (
    SEQUENCE NAME public.wschatapp_comentario_id_seq
    START WITH 1
    INCREMENT BY 1
    NO MINVALUE
    NO MAXVALUE
    CACHE 1
);


--
-- Name: wschatapp_curtida; Type: TABLE; Schema: public; Owner: wsilva
--

CREATE TABLE public.wschatapp_curtida (
    id bigint NOT NULL,
    post_id bigint NOT NULL,
    usuario_id integer NOT NULL
);


ALTER TABLE public.wschatapp_curtida OWNER TO wsilva;

--
-- Name: wschatapp_curtida_id_seq; Type: SEQUENCE; Schema: public; Owner: wsilva
--

ALTER TABLE public.wschatapp_curtida ALTER COLUMN id ADD GENERATED BY DEFAULT AS IDENTITY (
    SEQUENCE NAME public.wschatapp_curtida_id_seq
    START WITH 1
    INCREMENT BY 1
    NO MINVALUE
    NO MAXVALUE
    CACHE 1
);


--
-- Name: wschatapp_post; Type: TABLE; Schema: public; Owner: wsilva
--

CREATE TABLE public.wschatapp_post (
    id bigint NOT NULL,
    data_hora timestamp with time zone NOT NULL,
    descricao text NOT NULL,
    imagem character varying(100) NOT NULL,
    usuario_id integer NOT NULL
);


ALTER TABLE public.wschatapp_post OWNER TO wsilva;

--
-- Name: wschatapp_post_id_seq; Type: SEQUENCE; Schema: public; Owner: wsilva
--

ALTER TABLE public.wschatapp_post ALTER COLUMN id ADD GENERATED BY DEFAULT AS IDENTITY (
    SEQUENCE NAME public.wschatapp_post_id_seq
    START WITH 1
    INCREMENT BY 1
    NO MINVALUE
    NO MAXVALUE
    CACHE 1
);


--
-- Name: wschatapp_postsalvo; Type: TABLE; Schema: public; Owner: wsilva
--

CREATE TABLE public.wschatapp_postsalvo (
    id bigint NOT NULL,
    post_id bigint NOT NULL,
    usuario_id integer NOT NULL
);


ALTER TABLE public.wschatapp_postsalvo OWNER TO wsilva;

--
-- Name: wschatapp_postsalvo_id_seq; Type: SEQUENCE; Schema: public; Owner: wsilva
--

ALTER TABLE public.wschatapp_postsalvo ALTER COLUMN id ADD GENERATED BY DEFAULT AS IDENTITY (
    SEQUENCE NAME public.wschatapp_postsalvo_id_seq
    START WITH 1
    INCREMENT BY 1
    NO MINVALUE
    NO MAXVALUE
    CACHE 1
);


--
-- Name: wschatapp_rede; Type: TABLE; Schema: public; Owner: wsilva
--

CREATE TABLE public.wschatapp_rede (
    id bigint NOT NULL,
    seguido_id integer NOT NULL,
    usuario_id integer NOT NULL
);


ALTER TABLE public.wschatapp_rede OWNER TO wsilva;

--
-- Name: wschatapp_rede_id_seq; Type: SEQUENCE; Schema: public; Owner: wsilva
--

ALTER TABLE public.wschatapp_rede ALTER COLUMN id ADD GENERATED BY DEFAULT AS IDENTITY (
    SEQUENCE NAME public.wschatapp_rede_id_seq
    START WITH 1
    INCREMENT BY 1
    NO MINVALUE
    NO MAXVALUE
    CACHE 1
);


--
-- Name: wschatapp_usuarioinfo; Type: TABLE; Schema: public; Owner: wsilva
--

CREATE TABLE public.wschatapp_usuarioinfo (
    id bigint NOT NULL,
    foto_perfil character varying(100) NOT NULL,
    usuario_id integer NOT NULL
);


ALTER TABLE public.wschatapp_usuarioinfo OWNER TO wsilva;

--
-- Name: wschatapp_usuarioinfo_id_seq; Type: SEQUENCE; Schema: public; Owner: wsilva
--

ALTER TABLE public.wschatapp_usuarioinfo ALTER COLUMN id ADD GENERATED BY DEFAULT AS IDENTITY (
    SEQUENCE NAME public.wschatapp_usuarioinfo_id_seq
    START WITH 1
    INCREMENT BY 1
    NO MINVALUE
    NO MAXVALUE
    CACHE 1
);


--
-- Data for Name: auth_group; Type: TABLE DATA; Schema: public; Owner: wsilva
--

COPY public.auth_group (id, name) FROM stdin;
\.


--
-- Data for Name: auth_group_permissions; Type: TABLE DATA; Schema: public; Owner: wsilva
--

COPY public.auth_group_permissions (id, group_id, permission_id) FROM stdin;
\.


--
-- Data for Name: auth_permission; Type: TABLE DATA; Schema: public; Owner: wsilva
--

COPY public.auth_permission (id, name, content_type_id, codename) FROM stdin;
1	Can add log entry	1	add_logentry
2	Can change log entry	1	change_logentry
3	Can delete log entry	1	delete_logentry
4	Can view log entry	1	view_logentry
5	Can add permission	2	add_permission
6	Can change permission	2	change_permission
7	Can delete permission	2	delete_permission
8	Can view permission	2	view_permission
9	Can add group	3	add_group
10	Can change group	3	change_group
11	Can delete group	3	delete_group
12	Can view group	3	view_group
13	Can add user	4	add_user
14	Can change user	4	change_user
15	Can delete user	4	delete_user
16	Can view user	4	view_user
17	Can add content type	5	add_contenttype
18	Can change content type	5	change_contenttype
19	Can delete content type	5	delete_contenttype
20	Can view content type	5	view_contenttype
21	Can add session	6	add_session
22	Can change session	6	change_session
23	Can delete session	6	delete_session
24	Can view session	6	view_session
25	Can add post	7	add_post
26	Can change post	7	change_post
27	Can delete post	7	delete_post
28	Can view post	7	view_post
29	Can add rede	8	add_rede
30	Can change rede	8	change_rede
31	Can delete rede	8	delete_rede
32	Can view rede	8	view_rede
33	Can add post salvo	9	add_postsalvo
34	Can change post salvo	9	change_postsalvo
35	Can delete post salvo	9	delete_postsalvo
36	Can view post salvo	9	view_postsalvo
37	Can add curtida	10	add_curtida
38	Can change curtida	10	change_curtida
39	Can delete curtida	10	delete_curtida
40	Can view curtida	10	view_curtida
41	Can add comentario	11	add_comentario
42	Can change comentario	11	change_comentario
43	Can delete comentario	11	delete_comentario
44	Can view comentario	11	view_comentario
45	Can add usuario info	12	add_usuarioinfo
46	Can change usuario info	12	change_usuarioinfo
47	Can delete usuario info	12	delete_usuarioinfo
48	Can view usuario info	12	view_usuarioinfo
\.


--
-- Data for Name: auth_user; Type: TABLE DATA; Schema: public; Owner: wsilva
--

COPY public.auth_user (id, password, last_login, is_superuser, username, first_name, last_name, email, is_staff, is_active, date_joined) FROM stdin;
3	pbkdf2_sha256$1000000$1Z8oaV9u4fFIpRVWlPkzdI$CIYPp/L3j/JZLnddOsBSu7u8VlQdmhmylL0OTjXFpqY=	2025-07-25 18:27:07.607447+00	f	Valentina		Oliveira	emailtest2@gmail.com	f	t	2025-07-25 18:26:47.306432+00
4	pbkdf2_sha256$1000000$yEAnhTxV4vyCMtU3mmcrjt$dJoRcWiwUicw+W8JYHQfJ+G7TdEgo6r3Zrcr7a/581M=	2025-07-25 18:29:54.8889+00	f	Rose		Ferreira	emailtest3@gmail.com	f	t	2025-07-25 18:29:50.002065+00
5	pbkdf2_sha256$1000000$gwsYz1JnghZPRCkNadcIzb$Cl9fK0QLte28YmabFnn6Zm0a9Dh5cncphjKfHUpp0J0=	2025-07-25 18:34:58.281138+00	f	David		Silva	emailtest4@gmail.com	f	t	2025-07-25 18:34:45.571479+00
1	pbkdf2_sha256$1000000$nWyoHgiF4rwl1XYpFYQvtO$INRh1YCFZXLfzdZ+QNKz2O+WBKEyqRbod4TQl4Hlj3U=	2025-07-25 18:47:01.026354+00	t	WilliamWSilva			williamreis.wsilva@gmail.com	t	t	2025-07-25 18:06:17.870362+00
2	pbkdf2_sha256$1000000$8f9ahb10fA0u81TGuirxWW$pme9M5Gnz/ev+mYo+0zMcVWzbYZ8KPiebqIkA3iferY=	2025-07-25 20:18:39.306021+00	f	Wsilva		Silva	emailtest@gmail.com	f	t	2025-07-25 18:10:34.216599+00
\.


--
-- Data for Name: auth_user_groups; Type: TABLE DATA; Schema: public; Owner: wsilva
--

COPY public.auth_user_groups (id, user_id, group_id) FROM stdin;
\.


--
-- Data for Name: auth_user_user_permissions; Type: TABLE DATA; Schema: public; Owner: wsilva
--

COPY public.auth_user_user_permissions (id, user_id, permission_id) FROM stdin;
\.


--
-- Data for Name: django_admin_log; Type: TABLE DATA; Schema: public; Owner: wsilva
--

COPY public.django_admin_log (id, action_time, object_id, object_repr, action_flag, change_message, content_type_id, user_id) FROM stdin;
\.


--
-- Data for Name: django_content_type; Type: TABLE DATA; Schema: public; Owner: wsilva
--

COPY public.django_content_type (id, app_label, model) FROM stdin;
1	admin	logentry
2	auth	permission
3	auth	group
4	auth	user
5	contenttypes	contenttype
6	sessions	session
7	wschatapp	post
8	wschatapp	rede
9	wschatapp	postsalvo
10	wschatapp	curtida
11	wschatapp	comentario
12	wschatapp	usuarioinfo
\.


--
-- Data for Name: django_migrations; Type: TABLE DATA; Schema: public; Owner: wsilva
--

COPY public.django_migrations (id, app, name, applied) FROM stdin;
1	contenttypes	0001_initial	2025-07-25 17:50:12.544203+00
2	auth	0001_initial	2025-07-25 17:50:13.27105+00
3	admin	0001_initial	2025-07-25 17:50:13.305571+00
4	admin	0002_logentry_remove_auto_add	2025-07-25 17:50:13.328276+00
5	admin	0003_logentry_add_action_flag_choices	2025-07-25 17:50:13.345449+00
6	contenttypes	0002_remove_content_type_name	2025-07-25 17:50:13.373934+00
7	auth	0002_alter_permission_name_max_length	2025-07-25 17:50:13.390456+00
8	auth	0003_alter_user_email_max_length	2025-07-25 17:50:13.408593+00
9	auth	0004_alter_user_username_opts	2025-07-25 17:50:13.423111+00
10	auth	0005_alter_user_last_login_null	2025-07-25 17:50:13.43838+00
11	auth	0006_require_contenttypes_0002	2025-07-25 17:50:13.4412+00
12	auth	0007_alter_validators_add_error_messages	2025-07-25 17:50:13.456315+00
13	auth	0008_alter_user_username_max_length	2025-07-25 17:50:13.473994+00
14	auth	0009_alter_user_last_name_max_length	2025-07-25 17:50:13.487212+00
15	auth	0010_alter_group_name_max_length	2025-07-25 17:50:13.503268+00
16	auth	0011_update_proxy_permissions	2025-07-25 17:50:13.516217+00
17	auth	0012_alter_user_first_name_max_length	2025-07-25 17:50:13.530943+00
18	sessions	0001_initial	2025-07-25 17:50:13.550942+00
19	wschatapp	0001_initial	2025-07-25 17:50:13.694292+00
20	wschatapp	0002_delete_userprofile	2025-07-25 17:50:13.69818+00
21	wschatapp	0003_alter_post_imagem	2025-07-25 17:50:13.712284+00
22	wschatapp	0004_alter_post_imagem	2025-07-25 17:50:13.732405+00
23	wschatapp	0005_usuarioinfo	2025-07-25 17:50:13.756879+00
24	wschatapp	0006_rename_profile_image_usuarioinfo_foto_perfil	2025-07-25 17:50:13.772098+00
25	wschatapp	0007_rename_user_usuarioinfo_usuario	2025-07-25 17:50:13.801693+00
26	wschatapp	0008_alter_rede_seguido_alter_rede_seguidor_and_more	2025-07-25 17:50:13.862666+00
27	wschatapp	0009_alter_post_data_hora	2025-07-25 17:50:13.878022+00
28	wschatapp	0010_alter_comentario_data_hora	2025-07-25 17:50:13.894909+00
29	wschatapp	0011_remove_rede_seguidor_alter_rede_seguido_and_more	2025-07-25 17:50:13.95672+00
\.


--
-- Data for Name: django_session; Type: TABLE DATA; Schema: public; Owner: wsilva
--

COPY public.django_session (session_key, session_data, expire_date) FROM stdin;
mdgzybl0j2xio2kv9rzmkpvkflv41f51	.eJxVjEEOwiAQRe_C2hCGqcC4dN8zECiDVA0kpV0Z765NutDtf-_9l_BhW4vfOi9-TuIitDj9bjFMD647SPdQb01Ora7LHOWuyIN2ObbEz-vh_h2U0Mu35nMGZkyMVqWsnLbKOZNREThjnGEViYbAeoBoIwaHymagODASAJJ4fwDUOjb1:1ufOsJ:YABLSmlSA-UlySzTGIZwLBvMQzr5f0_7ry1UdisegnM	2025-08-08 20:18:39.32779+00
\.


--
-- Data for Name: wschatapp_comentario; Type: TABLE DATA; Schema: public; Owner: wsilva
--

COPY public.wschatapp_comentario (id, comentario, data_hora, post_id, usuario_id) FROM stdin;
1	Muito Top 👍	2025-07-25 18:40:50.542696+00	2	5
2	Parece bom!	2025-07-25 18:42:57.697889+00	6	2
\.


--
-- Data for Name: wschatapp_curtida; Type: TABLE DATA; Schema: public; Owner: wsilva
--

COPY public.wschatapp_curtida (id, post_id, usuario_id) FROM stdin;
1	1	5
2	5	2
3	7	2
\.


--
-- Data for Name: wschatapp_post; Type: TABLE DATA; Schema: public; Owner: wsilva
--

COPY public.wschatapp_post (id, data_hora, descricao, imagem, usuario_id) FROM stdin;
1	2025-07-25 18:16:56.475407+00	"A vida é como um balão: para subir, é preciso deixar o peso para trás. 🎈✨ #AltosVoos #Liberdade #InspiraçãoDoDia"	imagem/2025/07/25/baloes.jpg	2
2	2025-07-25 18:18:54.97688+00	Às vezes, tudo o que precisamos é respirar fundo e observar a imensidão ao nosso redor. As montanhas nos lembram que há beleza na calma, força no silêncio e equilíbrio na natureza. \r\n\r\nEm meio ao verde que cobre os vales e ao branco que insiste em permanecer nos picos, encontramos inspiração para seguir em frente, mesmo quando o caminho parece íngreme. Que essa vista nos lembre: tudo tem seu tempo, e até as maiores alturas começaram com um passo.	imagem/2025/07/25/Montanhas.jpg	2
3	2025-07-25 18:21:14.103541+00	⏳ O tempo não espera.\r\nEnquanto tentamos controlar tudo, ele simplesmente escapa... voa, corre, desaparece como fumaça no pôr do sol.\r\n\r\n💡 Que tal parar um instante hoje e refletir: o que realmente vale seu tempo?\r\n\r\n🌅 A vida é feita de momentos. Alguns passam despercebidos, outros nos transformam. Não deixe para depois o que pode te trazer paz agora.\r\n\r\n👐 Aproveite. Sinta. Viva.	imagem/2025/07/25/tempo.jpg	2
4	2025-07-25 18:28:03.61614+00	Medição não é apenas sobre números — é sobre clareza, foco e evolução.\r\nQuando transformamos suposições em dados, conseguimos enxergar onde estamos, para onde vamos e o que precisa mudar.\r\n🔍 Seja na vida pessoal ou profissional, medir é o primeiro passo para crescer com propósito.\r\n\r\n💡 Comece hoje: o que você pode medir para melhorar?	imagem/2025/07/25/medir_melhorar.jpg	3
5	2025-07-25 18:30:56.282176+00	🐋 Majestade em águas profundas.\r\nA orca, também conhecida como baleia-assassina, é um lembrete vivo da força, elegância e inteligência que habitam os oceanos.\r\n🌊 Em silêncio, ela desliza, dominando os mares com equilíbrio e presença.\r\n✨ Às vezes, a verdadeira grandeza é aquela que se move com calma — mas nunca passa despercebida.	imagem/2025/07/25/Orca.jpg	4
6	2025-07-25 18:31:38.49975+00	🍝 Quando a refeição vira arte.\r\nPasta fresca, ingredientes de verdade e aquele toque especial que só a boa comida tem.\r\nDo clássico ao ousado: camarão, avocado, tomatinhos, mozzarellas e um fio de azeite para fechar com chave de ouro.\r\n🌿 Comer bem é um ato de amor — com a gente, com o momento, com o sabor.\r\n\r\n✨ Qual desses pratos você experimentaria primeiro?	imagem/2025/07/25/massas.jpg	4
7	2025-07-25 18:32:30.770876+00	🧘‍♀️💻 Equilíbrio é a chave.\r\nNão somos só produtividade, nem apenas descanso.\r\nSomos um pouco de respiração consciente entre reuniões, de silêncio entre notificações, de flores entre prazos.\r\n\r\n🌸 Cuidar da mente é tão importante quanto bater metas.\r\nSe respeitar é o melhor investimento de longo prazo.\r\n\r\n✨ Uma vida com propósito começa com equilíbrio.	imagem/2025/07/25/equilibrio.jpg	4
8	2025-07-25 18:36:18.591845+00	🌌 No caos cósmico, nasce a luz.\r\nEstrelas colidem, galáxias dançam, partículas se reinventam… e ainda assim, tudo encontra seu lugar no universo.\r\n\r\n💥 Às vezes, na vida, também é assim: é preciso que algo exploda por dentro para que uma nova versão de nós possa brilhar mais forte.\r\n\r\n✨ Que seu universo interno esteja sempre em expansão.	imagem/2025/07/25/fusao-estrela.webp	5
9	2025-07-25 18:37:07.907906+00	🌠 Tudo começou com uma explosão... de possibilidades.\r\nO Big Bang não foi só o início do universo — foi a prova de que o caos pode ser criativo, que o vazio pode gerar vida e que o invisível pode conter infinitos.\r\n\r\n🌌 Assim também é dentro de nós: às vezes, é preciso colapsar antigas versões para dar origem a algo grandioso.\r\n\r\n💫 Você também carrega um universo em expansão aí dentro.	imagem/2025/07/25/big-bang.jpg	5
10	2025-07-25 18:39:22.568038+00	🔭 Olhar para o céu é lembrar que somos pequenos… e infinitos ao mesmo tempo.\r\nEntre estrelas e planetas, o telescópio não busca só respostas — ele nos ensina a fazer perguntas melhores.\r\n🌌 O universo não está lá fora… ele começa dentro de quem se permite observar com atenção.\r\n\r\n✨ Explore, questione, admire. O céu é o limite — ou talvez nem isso.\r\n	imagem/2025/07/25/astronomia.png	5
\.


--
-- Data for Name: wschatapp_postsalvo; Type: TABLE DATA; Schema: public; Owner: wsilva
--

COPY public.wschatapp_postsalvo (id, post_id, usuario_id) FROM stdin;
1	2	5
2	2	5
3	5	2
\.


--
-- Data for Name: wschatapp_rede; Type: TABLE DATA; Schema: public; Owner: wsilva
--

COPY public.wschatapp_rede (id, seguido_id, usuario_id) FROM stdin;
1	2	5
2	4	2
3	5	2
\.


--
-- Data for Name: wschatapp_usuarioinfo; Type: TABLE DATA; Schema: public; Owner: wsilva
--

COPY public.wschatapp_usuarioinfo (id, foto_perfil, usuario_id) FROM stdin;
1	imagem/2025/07/25/56_Lennart_Skoglund.png	2
2	imagem/2025/07/25/5_Ingrid_Hendrix.png	3
3	imagem/2025/07/25/rose.png	4
4	imagem/2025/07/25/david.png	5
\.


--
-- Name: auth_group_id_seq; Type: SEQUENCE SET; Schema: public; Owner: wsilva
--

SELECT pg_catalog.setval('public.auth_group_id_seq', 1, false);


--
-- Name: auth_group_permissions_id_seq; Type: SEQUENCE SET; Schema: public; Owner: wsilva
--

SELECT pg_catalog.setval('public.auth_group_permissions_id_seq', 1, false);


--
-- Name: auth_permission_id_seq; Type: SEQUENCE SET; Schema: public; Owner: wsilva
--

SELECT pg_catalog.setval('public.auth_permission_id_seq', 48, true);


--
-- Name: auth_user_groups_id_seq; Type: SEQUENCE SET; Schema: public; Owner: wsilva
--

SELECT pg_catalog.setval('public.auth_user_groups_id_seq', 1, false);


--
-- Name: auth_user_id_seq; Type: SEQUENCE SET; Schema: public; Owner: wsilva
--

SELECT pg_catalog.setval('public.auth_user_id_seq', 5, true);


--
-- Name: auth_user_user_permissions_id_seq; Type: SEQUENCE SET; Schema: public; Owner: wsilva
--

SELECT pg_catalog.setval('public.auth_user_user_permissions_id_seq', 1, false);


--
-- Name: django_admin_log_id_seq; Type: SEQUENCE SET; Schema: public; Owner: wsilva
--

SELECT pg_catalog.setval('public.django_admin_log_id_seq', 1, false);


--
-- Name: django_content_type_id_seq; Type: SEQUENCE SET; Schema: public; Owner: wsilva
--

SELECT pg_catalog.setval('public.django_content_type_id_seq', 12, true);


--
-- Name: django_migrations_id_seq; Type: SEQUENCE SET; Schema: public; Owner: wsilva
--

SELECT pg_catalog.setval('public.django_migrations_id_seq', 29, true);


--
-- Name: wschatapp_comentario_id_seq; Type: SEQUENCE SET; Schema: public; Owner: wsilva
--

SELECT pg_catalog.setval('public.wschatapp_comentario_id_seq', 2, true);


--
-- Name: wschatapp_curtida_id_seq; Type: SEQUENCE SET; Schema: public; Owner: wsilva
--

SELECT pg_catalog.setval('public.wschatapp_curtida_id_seq', 3, true);


--
-- Name: wschatapp_post_id_seq; Type: SEQUENCE SET; Schema: public; Owner: wsilva
--

SELECT pg_catalog.setval('public.wschatapp_post_id_seq', 10, true);


--
-- Name: wschatapp_postsalvo_id_seq; Type: SEQUENCE SET; Schema: public; Owner: wsilva
--

SELECT pg_catalog.setval('public.wschatapp_postsalvo_id_seq', 3, true);


--
-- Name: wschatapp_rede_id_seq; Type: SEQUENCE SET; Schema: public; Owner: wsilva
--

SELECT pg_catalog.setval('public.wschatapp_rede_id_seq', 3, true);


--
-- Name: wschatapp_usuarioinfo_id_seq; Type: SEQUENCE SET; Schema: public; Owner: wsilva
--

SELECT pg_catalog.setval('public.wschatapp_usuarioinfo_id_seq', 4, true);


--
-- Name: auth_group auth_group_name_key; Type: CONSTRAINT; Schema: public; Owner: wsilva
--

ALTER TABLE ONLY public.auth_group
    ADD CONSTRAINT auth_group_name_key UNIQUE (name);


--
-- Name: auth_group_permissions auth_group_permissions_group_id_permission_id_0cd325b0_uniq; Type: CONSTRAINT; Schema: public; Owner: wsilva
--

ALTER TABLE ONLY public.auth_group_permissions
    ADD CONSTRAINT auth_group_permissions_group_id_permission_id_0cd325b0_uniq UNIQUE (group_id, permission_id);


--
-- Name: auth_group_permissions auth_group_permissions_pkey; Type: CONSTRAINT; Schema: public; Owner: wsilva
--

ALTER TABLE ONLY public.auth_group_permissions
    ADD CONSTRAINT auth_group_permissions_pkey PRIMARY KEY (id);


--
-- Name: auth_group auth_group_pkey; Type: CONSTRAINT; Schema: public; Owner: wsilva
--

ALTER TABLE ONLY public.auth_group
    ADD CONSTRAINT auth_group_pkey PRIMARY KEY (id);


--
-- Name: auth_permission auth_permission_content_type_id_codename_01ab375a_uniq; Type: CONSTRAINT; Schema: public; Owner: wsilva
--

ALTER TABLE ONLY public.auth_permission
    ADD CONSTRAINT auth_permission_content_type_id_codename_01ab375a_uniq UNIQUE (content_type_id, codename);


--
-- Name: auth_permission auth_permission_pkey; Type: CONSTRAINT; Schema: public; Owner: wsilva
--

ALTER TABLE ONLY public.auth_permission
    ADD CONSTRAINT auth_permission_pkey PRIMARY KEY (id);


--
-- Name: auth_user_groups auth_user_groups_pkey; Type: CONSTRAINT; Schema: public; Owner: wsilva
--

ALTER TABLE ONLY public.auth_user_groups
    ADD CONSTRAINT auth_user_groups_pkey PRIMARY KEY (id);


--
-- Name: auth_user_groups auth_user_groups_user_id_group_id_94350c0c_uniq; Type: CONSTRAINT; Schema: public; Owner: wsilva
--

ALTER TABLE ONLY public.auth_user_groups
    ADD CONSTRAINT auth_user_groups_user_id_group_id_94350c0c_uniq UNIQUE (user_id, group_id);


--
-- Name: auth_user auth_user_pkey; Type: CONSTRAINT; Schema: public; Owner: wsilva
--

ALTER TABLE ONLY public.auth_user
    ADD CONSTRAINT auth_user_pkey PRIMARY KEY (id);


--
-- Name: auth_user_user_permissions auth_user_user_permissions_pkey; Type: CONSTRAINT; Schema: public; Owner: wsilva
--

ALTER TABLE ONLY public.auth_user_user_permissions
    ADD CONSTRAINT auth_user_user_permissions_pkey PRIMARY KEY (id);


--
-- Name: auth_user_user_permissions auth_user_user_permissions_user_id_permission_id_14a6b632_uniq; Type: CONSTRAINT; Schema: public; Owner: wsilva
--

ALTER TABLE ONLY public.auth_user_user_permissions
    ADD CONSTRAINT auth_user_user_permissions_user_id_permission_id_14a6b632_uniq UNIQUE (user_id, permission_id);


--
-- Name: auth_user auth_user_username_key; Type: CONSTRAINT; Schema: public; Owner: wsilva
--

ALTER TABLE ONLY public.auth_user
    ADD CONSTRAINT auth_user_username_key UNIQUE (username);


--
-- Name: django_admin_log django_admin_log_pkey; Type: CONSTRAINT; Schema: public; Owner: wsilva
--

ALTER TABLE ONLY public.django_admin_log
    ADD CONSTRAINT django_admin_log_pkey PRIMARY KEY (id);


--
-- Name: django_content_type django_content_type_app_label_model_76bd3d3b_uniq; Type: CONSTRAINT; Schema: public; Owner: wsilva
--

ALTER TABLE ONLY public.django_content_type
    ADD CONSTRAINT django_content_type_app_label_model_76bd3d3b_uniq UNIQUE (app_label, model);


--
-- Name: django_content_type django_content_type_pkey; Type: CONSTRAINT; Schema: public; Owner: wsilva
--

ALTER TABLE ONLY public.django_content_type
    ADD CONSTRAINT django_content_type_pkey PRIMARY KEY (id);


--
-- Name: django_migrations django_migrations_pkey; Type: CONSTRAINT; Schema: public; Owner: wsilva
--

ALTER TABLE ONLY public.django_migrations
    ADD CONSTRAINT django_migrations_pkey PRIMARY KEY (id);


--
-- Name: django_session django_session_pkey; Type: CONSTRAINT; Schema: public; Owner: wsilva
--

ALTER TABLE ONLY public.django_session
    ADD CONSTRAINT django_session_pkey PRIMARY KEY (session_key);


--
-- Name: wschatapp_comentario wschatapp_comentario_pkey; Type: CONSTRAINT; Schema: public; Owner: wsilva
--

ALTER TABLE ONLY public.wschatapp_comentario
    ADD CONSTRAINT wschatapp_comentario_pkey PRIMARY KEY (id);


--
-- Name: wschatapp_curtida wschatapp_curtida_pkey; Type: CONSTRAINT; Schema: public; Owner: wsilva
--

ALTER TABLE ONLY public.wschatapp_curtida
    ADD CONSTRAINT wschatapp_curtida_pkey PRIMARY KEY (id);


--
-- Name: wschatapp_post wschatapp_post_pkey; Type: CONSTRAINT; Schema: public; Owner: wsilva
--

ALTER TABLE ONLY public.wschatapp_post
    ADD CONSTRAINT wschatapp_post_pkey PRIMARY KEY (id);


--
-- Name: wschatapp_postsalvo wschatapp_postsalvo_pkey; Type: CONSTRAINT; Schema: public; Owner: wsilva
--

ALTER TABLE ONLY public.wschatapp_postsalvo
    ADD CONSTRAINT wschatapp_postsalvo_pkey PRIMARY KEY (id);


--
-- Name: wschatapp_rede wschatapp_rede_pkey; Type: CONSTRAINT; Schema: public; Owner: wsilva
--

ALTER TABLE ONLY public.wschatapp_rede
    ADD CONSTRAINT wschatapp_rede_pkey PRIMARY KEY (id);


--
-- Name: wschatapp_usuarioinfo wschatapp_usuarioinfo_pkey; Type: CONSTRAINT; Schema: public; Owner: wsilva
--

ALTER TABLE ONLY public.wschatapp_usuarioinfo
    ADD CONSTRAINT wschatapp_usuarioinfo_pkey PRIMARY KEY (id);


--
-- Name: wschatapp_usuarioinfo wschatapp_usuarioinfo_user_id_key; Type: CONSTRAINT; Schema: public; Owner: wsilva
--

ALTER TABLE ONLY public.wschatapp_usuarioinfo
    ADD CONSTRAINT wschatapp_usuarioinfo_user_id_key UNIQUE (usuario_id);


--
-- Name: auth_group_name_a6ea08ec_like; Type: INDEX; Schema: public; Owner: wsilva
--

CREATE INDEX auth_group_name_a6ea08ec_like ON public.auth_group USING btree (name varchar_pattern_ops);


--
-- Name: auth_group_permissions_group_id_b120cbf9; Type: INDEX; Schema: public; Owner: wsilva
--

CREATE INDEX auth_group_permissions_group_id_b120cbf9 ON public.auth_group_permissions USING btree (group_id);


--
-- Name: auth_group_permissions_permission_id_84c5c92e; Type: INDEX; Schema: public; Owner: wsilva
--

CREATE INDEX auth_group_permissions_permission_id_84c5c92e ON public.auth_group_permissions USING btree (permission_id);


--
-- Name: auth_permission_content_type_id_2f476e4b; Type: INDEX; Schema: public; Owner: wsilva
--

CREATE INDEX auth_permission_content_type_id_2f476e4b ON public.auth_permission USING btree (content_type_id);


--
-- Name: auth_user_groups_group_id_97559544; Type: INDEX; Schema: public; Owner: wsilva
--

CREATE INDEX auth_user_groups_group_id_97559544 ON public.auth_user_groups USING btree (group_id);


--
-- Name: auth_user_groups_user_id_6a12ed8b; Type: INDEX; Schema: public; Owner: wsilva
--

CREATE INDEX auth_user_groups_user_id_6a12ed8b ON public.auth_user_groups USING btree (user_id);


--
-- Name: auth_user_user_permissions_permission_id_1fbb5f2c; Type: INDEX; Schema: public; Owner: wsilva
--

CREATE INDEX auth_user_user_permissions_permission_id_1fbb5f2c ON public.auth_user_user_permissions USING btree (permission_id);


--
-- Name: auth_user_user_permissions_user_id_a95ead1b; Type: INDEX; Schema: public; Owner: wsilva
--

CREATE INDEX auth_user_user_permissions_user_id_a95ead1b ON public.auth_user_user_permissions USING btree (user_id);


--
-- Name: auth_user_username_6821ab7c_like; Type: INDEX; Schema: public; Owner: wsilva
--

CREATE INDEX auth_user_username_6821ab7c_like ON public.auth_user USING btree (username varchar_pattern_ops);


--
-- Name: django_admin_log_content_type_id_c4bce8eb; Type: INDEX; Schema: public; Owner: wsilva
--

CREATE INDEX django_admin_log_content_type_id_c4bce8eb ON public.django_admin_log USING btree (content_type_id);


--
-- Name: django_admin_log_user_id_c564eba6; Type: INDEX; Schema: public; Owner: wsilva
--

CREATE INDEX django_admin_log_user_id_c564eba6 ON public.django_admin_log USING btree (user_id);


--
-- Name: django_session_expire_date_a5c62663; Type: INDEX; Schema: public; Owner: wsilva
--

CREATE INDEX django_session_expire_date_a5c62663 ON public.django_session USING btree (expire_date);


--
-- Name: django_session_session_key_c0390e0f_like; Type: INDEX; Schema: public; Owner: wsilva
--

CREATE INDEX django_session_session_key_c0390e0f_like ON public.django_session USING btree (session_key varchar_pattern_ops);


--
-- Name: wschatapp_comentario_post_id_87b47d36; Type: INDEX; Schema: public; Owner: wsilva
--

CREATE INDEX wschatapp_comentario_post_id_87b47d36 ON public.wschatapp_comentario USING btree (post_id);


--
-- Name: wschatapp_comentario_usuario_id_1f6f636d; Type: INDEX; Schema: public; Owner: wsilva
--

CREATE INDEX wschatapp_comentario_usuario_id_1f6f636d ON public.wschatapp_comentario USING btree (usuario_id);


--
-- Name: wschatapp_curtida_post_id_81f516a4; Type: INDEX; Schema: public; Owner: wsilva
--

CREATE INDEX wschatapp_curtida_post_id_81f516a4 ON public.wschatapp_curtida USING btree (post_id);


--
-- Name: wschatapp_curtida_usuario_id_7a87d851; Type: INDEX; Schema: public; Owner: wsilva
--

CREATE INDEX wschatapp_curtida_usuario_id_7a87d851 ON public.wschatapp_curtida USING btree (usuario_id);


--
-- Name: wschatapp_post_usuario_id_e5a1c63e; Type: INDEX; Schema: public; Owner: wsilva
--

CREATE INDEX wschatapp_post_usuario_id_e5a1c63e ON public.wschatapp_post USING btree (usuario_id);


--
-- Name: wschatapp_postsalvo_post_id_aa017adc; Type: INDEX; Schema: public; Owner: wsilva
--

CREATE INDEX wschatapp_postsalvo_post_id_aa017adc ON public.wschatapp_postsalvo USING btree (post_id);


--
-- Name: wschatapp_postsalvo_usuario_id_3a02e0ab; Type: INDEX; Schema: public; Owner: wsilva
--

CREATE INDEX wschatapp_postsalvo_usuario_id_3a02e0ab ON public.wschatapp_postsalvo USING btree (usuario_id);


--
-- Name: wschatapp_rede_seguido_id_c2e67605; Type: INDEX; Schema: public; Owner: wsilva
--

CREATE INDEX wschatapp_rede_seguido_id_c2e67605 ON public.wschatapp_rede USING btree (seguido_id);


--
-- Name: wschatapp_rede_usuario_id_b1497d39; Type: INDEX; Schema: public; Owner: wsilva
--

CREATE INDEX wschatapp_rede_usuario_id_b1497d39 ON public.wschatapp_rede USING btree (usuario_id);


--
-- Name: auth_group_permissions auth_group_permissio_permission_id_84c5c92e_fk_auth_perm; Type: FK CONSTRAINT; Schema: public; Owner: wsilva
--

ALTER TABLE ONLY public.auth_group_permissions
    ADD CONSTRAINT auth_group_permissio_permission_id_84c5c92e_fk_auth_perm FOREIGN KEY (permission_id) REFERENCES public.auth_permission(id) DEFERRABLE INITIALLY DEFERRED;


--
-- Name: auth_group_permissions auth_group_permissions_group_id_b120cbf9_fk_auth_group_id; Type: FK CONSTRAINT; Schema: public; Owner: wsilva
--

ALTER TABLE ONLY public.auth_group_permissions
    ADD CONSTRAINT auth_group_permissions_group_id_b120cbf9_fk_auth_group_id FOREIGN KEY (group_id) REFERENCES public.auth_group(id) DEFERRABLE INITIALLY DEFERRED;


--
-- Name: auth_permission auth_permission_content_type_id_2f476e4b_fk_django_co; Type: FK CONSTRAINT; Schema: public; Owner: wsilva
--

ALTER TABLE ONLY public.auth_permission
    ADD CONSTRAINT auth_permission_content_type_id_2f476e4b_fk_django_co FOREIGN KEY (content_type_id) REFERENCES public.django_content_type(id) DEFERRABLE INITIALLY DEFERRED;


--
-- Name: auth_user_groups auth_user_groups_group_id_97559544_fk_auth_group_id; Type: FK CONSTRAINT; Schema: public; Owner: wsilva
--

ALTER TABLE ONLY public.auth_user_groups
    ADD CONSTRAINT auth_user_groups_group_id_97559544_fk_auth_group_id FOREIGN KEY (group_id) REFERENCES public.auth_group(id) DEFERRABLE INITIALLY DEFERRED;


--
-- Name: auth_user_groups auth_user_groups_user_id_6a12ed8b_fk_auth_user_id; Type: FK CONSTRAINT; Schema: public; Owner: wsilva
--

ALTER TABLE ONLY public.auth_user_groups
    ADD CONSTRAINT auth_user_groups_user_id_6a12ed8b_fk_auth_user_id FOREIGN KEY (user_id) REFERENCES public.auth_user(id) DEFERRABLE INITIALLY DEFERRED;


--
-- Name: auth_user_user_permissions auth_user_user_permi_permission_id_1fbb5f2c_fk_auth_perm; Type: FK CONSTRAINT; Schema: public; Owner: wsilva
--

ALTER TABLE ONLY public.auth_user_user_permissions
    ADD CONSTRAINT auth_user_user_permi_permission_id_1fbb5f2c_fk_auth_perm FOREIGN KEY (permission_id) REFERENCES public.auth_permission(id) DEFERRABLE INITIALLY DEFERRED;


--
-- Name: auth_user_user_permissions auth_user_user_permissions_user_id_a95ead1b_fk_auth_user_id; Type: FK CONSTRAINT; Schema: public; Owner: wsilva
--

ALTER TABLE ONLY public.auth_user_user_permissions
    ADD CONSTRAINT auth_user_user_permissions_user_id_a95ead1b_fk_auth_user_id FOREIGN KEY (user_id) REFERENCES public.auth_user(id) DEFERRABLE INITIALLY DEFERRED;


--
-- Name: django_admin_log django_admin_log_content_type_id_c4bce8eb_fk_django_co; Type: FK CONSTRAINT; Schema: public; Owner: wsilva
--

ALTER TABLE ONLY public.django_admin_log
    ADD CONSTRAINT django_admin_log_content_type_id_c4bce8eb_fk_django_co FOREIGN KEY (content_type_id) REFERENCES public.django_content_type(id) DEFERRABLE INITIALLY DEFERRED;


--
-- Name: django_admin_log django_admin_log_user_id_c564eba6_fk_auth_user_id; Type: FK CONSTRAINT; Schema: public; Owner: wsilva
--

ALTER TABLE ONLY public.django_admin_log
    ADD CONSTRAINT django_admin_log_user_id_c564eba6_fk_auth_user_id FOREIGN KEY (user_id) REFERENCES public.auth_user(id) DEFERRABLE INITIALLY DEFERRED;


--
-- Name: wschatapp_comentario wschatapp_comentario_post_id_87b47d36_fk_wschatapp_post_id; Type: FK CONSTRAINT; Schema: public; Owner: wsilva
--

ALTER TABLE ONLY public.wschatapp_comentario
    ADD CONSTRAINT wschatapp_comentario_post_id_87b47d36_fk_wschatapp_post_id FOREIGN KEY (post_id) REFERENCES public.wschatapp_post(id) DEFERRABLE INITIALLY DEFERRED;


--
-- Name: wschatapp_comentario wschatapp_comentario_usuario_id_1f6f636d_fk_auth_user_id; Type: FK CONSTRAINT; Schema: public; Owner: wsilva
--

ALTER TABLE ONLY public.wschatapp_comentario
    ADD CONSTRAINT wschatapp_comentario_usuario_id_1f6f636d_fk_auth_user_id FOREIGN KEY (usuario_id) REFERENCES public.auth_user(id) DEFERRABLE INITIALLY DEFERRED;


--
-- Name: wschatapp_curtida wschatapp_curtida_post_id_81f516a4_fk_wschatapp_post_id; Type: FK CONSTRAINT; Schema: public; Owner: wsilva
--

ALTER TABLE ONLY public.wschatapp_curtida
    ADD CONSTRAINT wschatapp_curtida_post_id_81f516a4_fk_wschatapp_post_id FOREIGN KEY (post_id) REFERENCES public.wschatapp_post(id) DEFERRABLE INITIALLY DEFERRED;


--
-- Name: wschatapp_curtida wschatapp_curtida_usuario_id_7a87d851_fk_auth_user_id; Type: FK CONSTRAINT; Schema: public; Owner: wsilva
--

ALTER TABLE ONLY public.wschatapp_curtida
    ADD CONSTRAINT wschatapp_curtida_usuario_id_7a87d851_fk_auth_user_id FOREIGN KEY (usuario_id) REFERENCES public.auth_user(id) DEFERRABLE INITIALLY DEFERRED;


--
-- Name: wschatapp_post wschatapp_post_usuario_id_e5a1c63e_fk_auth_user_id; Type: FK CONSTRAINT; Schema: public; Owner: wsilva
--

ALTER TABLE ONLY public.wschatapp_post
    ADD CONSTRAINT wschatapp_post_usuario_id_e5a1c63e_fk_auth_user_id FOREIGN KEY (usuario_id) REFERENCES public.auth_user(id) DEFERRABLE INITIALLY DEFERRED;


--
-- Name: wschatapp_postsalvo wschatapp_postsalvo_post_id_aa017adc_fk_wschatapp_post_id; Type: FK CONSTRAINT; Schema: public; Owner: wsilva
--

ALTER TABLE ONLY public.wschatapp_postsalvo
    ADD CONSTRAINT wschatapp_postsalvo_post_id_aa017adc_fk_wschatapp_post_id FOREIGN KEY (post_id) REFERENCES public.wschatapp_post(id) DEFERRABLE INITIALLY DEFERRED;


--
-- Name: wschatapp_postsalvo wschatapp_postsalvo_usuario_id_3a02e0ab_fk_auth_user_id; Type: FK CONSTRAINT; Schema: public; Owner: wsilva
--

ALTER TABLE ONLY public.wschatapp_postsalvo
    ADD CONSTRAINT wschatapp_postsalvo_usuario_id_3a02e0ab_fk_auth_user_id FOREIGN KEY (usuario_id) REFERENCES public.auth_user(id) DEFERRABLE INITIALLY DEFERRED;


--
-- Name: wschatapp_rede wschatapp_rede_seguido_id_c2e67605_fk_auth_user_id; Type: FK CONSTRAINT; Schema: public; Owner: wsilva
--

ALTER TABLE ONLY public.wschatapp_rede
    ADD CONSTRAINT wschatapp_rede_seguido_id_c2e67605_fk_auth_user_id FOREIGN KEY (seguido_id) REFERENCES public.auth_user(id) DEFERRABLE INITIALLY DEFERRED;


--
-- Name: wschatapp_rede wschatapp_rede_usuario_id_b1497d39_fk_auth_user_id; Type: FK CONSTRAINT; Schema: public; Owner: wsilva
--

ALTER TABLE ONLY public.wschatapp_rede
    ADD CONSTRAINT wschatapp_rede_usuario_id_b1497d39_fk_auth_user_id FOREIGN KEY (usuario_id) REFERENCES public.auth_user(id) DEFERRABLE INITIALLY DEFERRED;


--
-- Name: wschatapp_usuarioinfo wschatapp_usuarioinfo_usuario_id_2ad14c4c_fk_auth_user_id; Type: FK CONSTRAINT; Schema: public; Owner: wsilva
--

ALTER TABLE ONLY public.wschatapp_usuarioinfo
    ADD CONSTRAINT wschatapp_usuarioinfo_usuario_id_2ad14c4c_fk_auth_user_id FOREIGN KEY (usuario_id) REFERENCES public.auth_user(id) DEFERRABLE INITIALLY DEFERRED;


--
-- PostgreSQL database dump complete
--

